num_paths,num_generations,best_distance_mean,best_distance_std
400,2000,8842.0,311.46107300913206
400,1000,8988.9,340.3081773268982
400,500,9110.5,363.1783308513886
250,2000,9344.8,588.0906581660878
250,1000,9415.6,625.6694547975526
250,500,9661.8,542.2725432023191
100,2000,9865.0,431.27021691742175
100,1000,9962.1,471.35654115424035
100,500,10046.6,465.22902364797096
