num_paths,num_generations,time_sec_mean
100,500,1.7342324018478394
100,1000,3.540394687652588
100,2000,6.697728395462036
250,500,4.307299709320068
250,1000,8.631788778305054
250,2000,17.203999829292297
400,500,6.8744268894195555
400,1000,14.131087970733642
400,2000,27.99650068283081
