num_paths,num_generations,best_distance_mean,time_sec_mean
400,2000,8842.0,27.99650068283081
400,1000,8988.9,14.131087970733642
400,500,9110.5,6.8744268894195555
250,2000,9344.8,17.203999829292297
250,1000,9415.6,8.631788778305054
250,500,9661.8,4.307299709320068
100,2000,9865.0,6.697728395462036
100,1000,9962.1,3.540394687652588
100,500,10046.6,1.7342324018478394
